
INSERT INTO `mig_codedetail_define` VALUES ('11001', 'check_rule', '0', 'uncheck', '校验规则');
INSERT INTO `mig_codedetail_define` VALUES ('11002', 'check_rule', '1', 'not ''', '校验规则');
INSERT INTO `mig_codedetail_define` VALUES ('11003', 'check_rule', '2', 'is numeric and greater than 0', '校验规则');
INSERT INTO `mig_codedetail_define` VALUES ('11004', 'check_rule', '3', ''' or a number greater than 0', '校验规则');
INSERT INTO `mig_codedetail_define` VALUES ('11005', 'check_rule', '4', 'is database connection functional', '校验规则');
INSERT INTO `mig_codedetail_define` VALUES ('11006', 'check_rule', '5', 'is the format of standard value legal', '校验规则');
INSERT INTO `mig_codedetail_define` VALUES ('11007', 'check_rule', '6', 'is the format of operation legal', '校验规则');
INSERT INTO `mig_codedetail_define` VALUES ('11008', 'check_rule', '7', 'is the format of IP legal', '校验规则');
INSERT INTO `mig_codedetail_define` VALUES ('11009', 'check_rule', '8', 'is folder exist', '校验规则');
INSERT INTO `mig_codedetail_define` VALUES ('11010', 'check_rule', '9', 'is the connection of host functional', '校验规则');
INSERT INTO `mig_codedetail_define` VALUES ('11011', 'db-type', '1', 'MYSQL', '数据库类型');
INSERT INTO `mig_codedetail_define` VALUES ('11012', 'db-type', '2', 'ORACLE', '数据库类型');
INSERT INTO `mig_codedetail_define` VALUES ('11013', 'isWait', '0', 'non-guardian mode', '控件运行模式');
INSERT INTO `mig_codedetail_define` VALUES ('11014', 'isWait', '1', 'guardian mode', '控件运行模式');
INSERT INTO `mig_codedetail_define` VALUES ('11015', 'opt', '>', 'greater than', '对比关系');
INSERT INTO `mig_codedetail_define` VALUES ('11016', 'opt', '<', 'less than', '对比关系');
INSERT INTO `mig_codedetail_define` VALUES ('11017', 'opt', '=', 'equal', '对比关系');
INSERT INTO `mig_codedetail_define` VALUES ('11018', 'opt', '>=', 'greater or equal than', '对比关系');
INSERT INTO `mig_codedetail_define` VALUES ('11019', 'opt', '<=', 'less or equal than', '对比关系');
INSERT INTO `mig_codedetail_define` VALUES ('11020', 'task-signal', '1', 'stop', '控件信号');
INSERT INTO `mig_codedetail_define` VALUES ('11021', 'isClearTable', '0', 'don\'t truncate orginal table', '是否清理原有数据');
INSERT INTO `mig_codedetail_define` VALUES ('11022', 'isClearTable', '1', 'truncate orginal table', '是否清理原有数据');
INSERT INTO `mig_codedetail_define` VALUES ('11023', 'isClearFile', '0', 'don\'t remove orginal file', '是否清理原有数据');
INSERT INTO `mig_codedetail_define` VALUES ('11024', 'isClearFile', '1', 'remove orginal file', '是否清理原有数据');
INSERT INTO `mig_codedetail_define` VALUES ('11025', 'isTruncateTable', '0', 'don\'t clear orignal data', '是否清理原有数据');
INSERT INTO `mig_codedetail_define` VALUES ('11026', 'isTruncateTable', '1', 'clear orginal data', '是否清理原有数据');
INSERT INTO `mig_codedetail_define` VALUES ('11027', 'unPassType', '1', 'src more than dst', '质量稽核差异类型');
INSERT INTO `mig_codedetail_define` VALUES ('11028', 'unPassType', '2', 'dst more than src', '质量稽核差异类型');
INSERT INTO `mig_codedetail_define` VALUES ('11029', 'unPassType', '3', 'key-matched but content-unmatched', '质量稽核差异类型');
INSERT INTO `mig_codedetail_define` VALUES ('11030', 'LOG-LEVEL', '1', 'error log', '日志级别');
INSERT INTO `mig_codedetail_define` VALUES ('11031', 'LOG-LEVEL', '2', 'warning log', '日志级别');
INSERT INTO `mig_codedetail_define` VALUES ('11032', 'LOG-LEVEL', '3', 'system log', '日志级别');
INSERT INTO `mig_codedetail_define` VALUES ('11033', 'LOG-LEVEL', '4', 'common log', '日志级别');
INSERT INTO `mig_codedetail_define` VALUES ('11034', 'LOG-LEVEL', '5', 'debug log', '日志级别');

INSERT INTO `mig_control_info` VALUES ('con001', 'split_file', '分割并ID映射文件', 'icon-split');
INSERT INTO `mig_control_info` VALUES ('con002', 'load_data', '加载文件到数据库', 'icon-loaddata');
INSERT INTO `mig_control_info` VALUES ('con003', 'out_data_file', '数据库表数据导出到文件', 'icon-outdf');
INSERT INTO `mig_control_info` VALUES ('con004', 'out_data_base', '数据库表到表', 'icon-outdb');
INSERT INTO `mig_control_info` VALUES ('con005', 'excute_sql', 'mapping', 'icon-sql');
INSERT INTO `mig_control_info` VALUES ('con006', 'excute_bin', '执行shell命令', 'icon-shell');
INSERT INTO `mig_control_info` VALUES ('con007', 'legality_audit', '合法性稽核', 'icon-auditv');
INSERT INTO `mig_control_info` VALUES ('con008', 'control', '控件控制信号', 'icon-control');
INSERT INTO `mig_control_info` VALUES ('con009', 'consistency_audit', '一致性稽核', 'icon-auditc');
INSERT INTO `mig_control_info` VALUES ('con010', 'quality_audit', '质量稽核', 'icon-auditf');

INSERT INTO `mig_control_template` VALUES ('con001', '1', 'cfg-conn', '0', '0', '', '4', '', '4', 'the dbconnection of config-database, which consists of a IP,user,passwd,datasource; MYSQL-10.1.249.100|root|easeaseas|tool; ORACLE-10.1.249.100:1521/ORCL|test|test');
INSERT INTO `mig_control_template` VALUES ('con001', '2', 'db-type', '1', '1', '1', '3', '', '3', '');
INSERT INTO `mig_control_template` VALUES ('con001', '3', 'delimiter', '0', '0', '|', '1', '', '1', '');
INSERT INTO `mig_control_template` VALUES ('con001', '4', 'input-path', '0', '0', '', '1', '', '8', '');
INSERT INTO `mig_control_template` VALUES ('con001', '5', 'output-path', '0', '0', '', '1', '', '8', '');
INSERT INTO `mig_control_template` VALUES ('con001', '6', 'backup-path', '0', '0', '', '1', '', '8', '');
INSERT INTO `mig_control_template` VALUES ('con001', '7', 'deal-path', '0', '0', '', '1', '', '8', '');
INSERT INTO `mig_control_template` VALUES ('con001', '8', 'parallel-num', '0', '1', '5', '1', '', '2', '');
INSERT INTO `mig_control_template` VALUES ('con001', '9', 'isplit-line', '1', '1', '0', '1', '', '0', '');
INSERT INTO `mig_control_template` VALUES ('con001', '10', 'over-filename', '1', '0', '', '1', '', '0', '');
INSERT INTO `mig_control_template` VALUES ('con001', '11', 'isWait', '1', '1', '1', '3', '', '0', '');
INSERT INTO `mig_control_template` VALUES ('con001', '12', 'business', '1', '0', '', '2', '', '0', '');
INSERT INTO `mig_control_template` VALUES ('con002', '1', 'cfg-conn', '0', '0', '', '4', '', '4', 'the dbconnection of config-database, which consists of a IP,user,passwd,datasource; MYSQL-10.1.249.100|root|easeaseas|tool; ORACLE-10.1.249.100:1521/ORCL|test|test');
INSERT INTO `mig_control_template` VALUES ('con002', '2', 'db-type', '1', '1', '1', '3', '', '3', '');
INSERT INTO `mig_control_template` VALUES ('con002', '3', 'delimiter', '0', '0', '|', '1', '', '1', '');
INSERT INTO `mig_control_template` VALUES ('con002', '4', 'input-path', '0', '0', '', '1', '', '8', '');
INSERT INTO `mig_control_template` VALUES ('con002', '5', 'deal-path', '0', '0', '', '1', '', '8', '');
INSERT INTO `mig_control_template` VALUES ('con002', '6', 'success-path', '0', '0', '', '1', '', '8', '');
INSERT INTO `mig_control_template` VALUES ('con002', '7', 'error-path', '0', '0', '', '1', '', '8', '');
INSERT INTO `mig_control_template` VALUES ('con002', '8', 'backup-path', '0', '0', '', '1', '', '8', '');
INSERT INTO `mig_control_template` VALUES ('con002', '9', 'parallel-num', '0', '1', '5', '1', '', '2', '');
INSERT INTO `mig_control_template` VALUES ('con002', '10', 'loadfile-over', '1', '0', '', '1', '', '0', '');
INSERT INTO `mig_control_template` VALUES ('con002', '11', 'isWait', '1', '1', '1', '3', '', '0', '');
INSERT INTO `mig_control_template` VALUES ('con002', '12', 'business', '1', '0', '', '2', '', '0', '');
INSERT INTO `mig_control_template` VALUES ('con002', '13', 'isTruncateTable', '0', '1', '1', '3', '', '0', '');
INSERT INTO `mig_control_template` VALUES ('con003', '1', 'cfg-conn', '0', '0', '', '4', '', '4', 'the dbconnection of config-database, which consists of a IP,user,passwd,datasource; MYSQL-10.1.249.100|root|easeaseas|tool; ORACLE-10.1.249.100:1521/ORCL|test|test');
INSERT INTO `mig_control_template` VALUES ('con003', '2', 'db-type', '1', '1', '1', '3', '', '3', '');
INSERT INTO `mig_control_template` VALUES ('con003', '3', 'delimiter', '0', '0', '|', '1', '', '1', '');
INSERT INTO `mig_control_template` VALUES ('con003', '4', 'host-ip', '0', '0', '', '1', '', '7', 'ip of host');
INSERT INTO `mig_control_template` VALUES ('con003', '5', 'host-conn', '0', '0', '', '1', '', '1', 'user and password');
INSERT INTO `mig_control_template` VALUES ('con003', '6', 'output-path', '0', '0', '', '1', '', '8', '');
INSERT INTO `mig_control_template` VALUES ('con003', '7', 'parallel-num', '0', '1', '5', '1', '', '2', '');
INSERT INTO `mig_control_template` VALUES ('con003', '8', 'group', '1', '1', '1', '1', '', '0', '');
INSERT INTO `mig_control_template` VALUES ('con003', '9', 'business', '1', '0', '', '2', '', '0', '');
INSERT INTO `mig_control_template` VALUES ('con003', '10', 'isClearFile', '0', '1', '1', '3', '', '0', '');
INSERT INTO `mig_control_template` VALUES ('con004', '1', 'cfg-conn', '0', '0', '', '4', '', '4', 'the dbconnection of config-database, which consists of a IP,user,passwd,datasource; MYSQL-10.1.249.100|root|easeaseas|tool; ORACLE-10.1.249.100:1521/ORCL|test|test');
INSERT INTO `mig_control_template` VALUES ('con004', '2', 'db-type', '1', '1', '1', '3', '', '3', '');
INSERT INTO `mig_control_template` VALUES ('con004', '3', 'parallel-num', '1', '0', '5', '1', '', '2', '');
INSERT INTO `mig_control_template` VALUES ('con004', '4', 'group', '1', '1', '1', '1', '', '0', '');
INSERT INTO `mig_control_template` VALUES ('con004', '5', 'business', '1', '0', '', '2', '', '0', '');
INSERT INTO `mig_control_template` VALUES ('con004', '6', 'isClearTable', '0', '1', '1', '3', '', '0', '');
INSERT INTO `mig_control_template` VALUES ('con005', '1', 'db-type', '1', '1', '1', '3', '', '3', '');
INSERT INTO `mig_control_template` VALUES ('con005', '2', 'dst-conn', '0', '0', '', '4', '', '4', 'the dbconnection of config-database, which consists of a IP,user,passwd,datasource; MYSQL-10.1.249.100|root|easeaseas|tool; ORACLE-10.1.249.100:1521/ORCL|test|test');
INSERT INTO `mig_control_template` VALUES ('con005', '3', 'exec-sql', '0', '0', '', '2', '', '1', '');
INSERT INTO `mig_control_template` VALUES ('con005', '4', 'parallel-num', '0', '1', '5', '1', '', '2', '');
INSERT INTO `mig_control_template` VALUES ('con006', '1', 'host-ip', '0', '0', '', '1', '', '7', 'the ip of host');
INSERT INTO `mig_control_template` VALUES ('con006', '2', 'host-conn', '0', '0', '', '1', '', '1', 'user and passwd of host, which separated by \"/\", for example:migration/123');
INSERT INTO `mig_control_template` VALUES ('con006', '3', 'command', '0', '0', '', '1', '', '1', '');
INSERT INTO `mig_control_template` VALUES ('con006', '4', 'iswait', '1', '1', '1', '3', '', '0', '');
INSERT INTO `mig_control_template` VALUES ('con007', '1', 'cfg-conn', '0', '0', '', '4', '', '4', 'the dbconnection of config-database, which consists of a IP,user,passwd,datasource; MYSQL-10.1.249.100|root|easeaseas|tool; ORACLE-10.1.249.100:1521/ORCL|test|test');
INSERT INTO `mig_control_template` VALUES ('con007', '2', 'db-type', '1', '1', '1', '3', '', '3', '');
INSERT INTO `mig_control_template` VALUES ('con007', '3', 'dryrun-id', '0', '0', '', '101', '', '1', '');
INSERT INTO `mig_control_template` VALUES ('con007', '4', 'business', '0', '0', '', '2', '', '1', '');
INSERT INTO `mig_control_template` VALUES ('con007', '5', 'parallel-num', '0', '1', '5', '1', '', '2', '');
INSERT INTO `mig_control_template` VALUES ('con008', '1', 'task-signal', '1', '1', '1', '3', '', '0', '');
INSERT INTO `mig_control_template` VALUES ('con009', '1', 'dst-conn', '0', '0', '', '4', '', '4', '');
INSERT INTO `mig_control_template` VALUES ('con009', '2', 'db-type', '1', '1', '1', '3', '', '3', '');
INSERT INTO `mig_control_template` VALUES ('con009', '3', 'dryrun-id', '0', '0', '', '101', '', '1', '');
INSERT INTO `mig_control_template` VALUES ('con009', '4', 'business', '0', '0', '', '2', '', '1', '');
INSERT INTO `mig_control_template` VALUES ('con009', '5', 'parallel-num', '0', '1', '5', '1', '', '2', '');
INSERT INTO `mig_control_template` VALUES ('con010', '1', 'cfg-conn', '0', '0', '', '4', '', '4', '');
INSERT INTO `mig_control_template` VALUES ('con010', '2', 'db-type', '1', '1', '1', '3', '', '3', '');
INSERT INTO `mig_control_template` VALUES ('con010', '3', 'dryrun-id', '0', '0', '', '101', '', '1', '');
INSERT INTO `mig_control_template` VALUES ('con010', '4', 'delimiter', '0', '0', '|', '1', '', '1', '');
INSERT INTO `mig_control_template` VALUES ('con010', '5', 'parallel-num', '0', '1', '5', '1', '', '2', '');
INSERT INTO `mig_control_template` VALUES ('con010', '6', 'business', '0', '0', '', '2', '', '1', '');
INSERT INTO `mig_control_template` VALUES ('con010', '7', 'isWait', '1', '1', '1', '3', '', '0', '');



INSERT INTO `t_authority_inst` VALUES ('1', '4280', '亚信科技(长沙)有限公司', '0', 'true', '0', '', '''', '''', '''', '''', '''', '''', '''', '''', '''', '''', '2015-04-08 15:02:59', '', '', '', '', '', '', '');

INSERT INTO `t_authority_level` VALUES ('1', '一级', '');

INSERT INTO `t_authority_module` VALUES ('1', 'AIDM', '0', 'false', '', '1', 'R', 'icon-web', 'true', 'false', '', '系统名称', '2015-05-06 20:04:35', '', '', '', '', '', '1', '2014-05-19 16:50:19');
INSERT INTO `t_authority_module` VALUES ('98', '系统管理(dev)', '1', 'false', '1', '9', 'R', '', 'true', 'false', 'fold/new.html', '备注...', '2015-06-08 14:06:09', '', '', '2014-07-04 15:17:27', '', '', '1', '2014-05-28 15:19:18');
INSERT INTO `t_authority_module` VALUES ('9801', '机构管理(dev)', '2', 'true', '98', '1', 'R', '', 'true', 'false', 'dev/tAuthorityInst/inst_main.html', '备注...', '2014-05-28 15:20:17', '', '', '2014-05-29 11:13:26', '', '', '1', '2014-05-28 15:20:17');
INSERT INTO `t_authority_module` VALUES ('9802', '人员管理(dev)', '2', 'true', '98', '4', 'R', '', 'true', 'false', 'dev/tAuthorityUser/user_main.html', '备注...', '2015-05-06 19:03:04', '', '', '2014-05-29 11:13:26', '', '', '1', '2014-05-28 15:20:23');
INSERT INTO `t_authority_module` VALUES ('9803', '角色管理(dev)', '2', 'true', '98', '3', 'R', '', 'true', 'false', 'dev/tAuthorityRole/role_main.html', '备注...', '2015-05-06 19:03:02', '', '', '2014-05-29 11:13:26', '', '', '1', '2014-05-28 15:20:24');
INSERT INTO `t_authority_module` VALUES ('9804', '菜单管理(dev)', '2', 'true', '98', '5', 'R', '', 'true', 'false', 'dev/tAuthorityModule/module_main.html', '备注...', '2015-05-06 19:03:02', '', '', '2014-05-29 11:13:26', '', '', '1', '2014-05-28 15:20:25');
INSERT INTO `t_authority_module` VALUES ('9805', '权限级别管理(dev)', '2', 'true', '98', '2', 'R', '', 'true', 'false', 'dev/tAuthorityLevel/level_main.html', '备注...', '2015-05-06 19:02:44', '', '', '2014-07-04 15:17:28', '', '', '1', '2014-05-28 15:21:14');
INSERT INTO `t_authority_module` VALUES ('99', 'System', '1', 'false', '1', '8', 'R', '', 'true', 'false', '../loginmain.jsp', '', '2015-06-08 14:06:09', '', '', '2014-07-04 15:17:28', '', '', '1', '2014-05-19 16:48:56');
INSERT INTO `t_authority_module` VALUES ('9902', 'Operator management', '2', 'true', '99', '2', 'R', '', 'true', 'false', 'admin/tAuthorityUser/user_main.jsp', '', '2015-06-01 16:53:23', '', '', '2014-05-29 23:09:21', '', '', '1', '2014-05-19 16:50:19');
INSERT INTO `t_authority_module` VALUES ('9903', 'Role management', '2', 'true', '99', '1', 'R', '', 'true', 'false', 'admin/tAuthorityRole/role_main.html', '', '2015-06-01 16:53:21', '', '', '2014-05-29 11:26:59', '', '', '1', '2014-05-19 16:50:19');
INSERT INTO `t_authority_module` VALUES ('9905', 'Personal profile', '2', 'true', '99', '4', 'R', '', 'true', 'false', 'common/tAuthorityUser/tAuthorityUser_modify_self.jsp', '', '2015-06-01 16:53:17', '', '', '2014-07-09 15:43:24', '', '', '1', '2014-05-23 16:12:29');
INSERT INTO `t_authority_module` VALUES ('9907', 'Staff information query', '2', 'true', '99', '3', 'R', '', 'true', 'false', 'common/tAuthorityUser/user_main.html', '', '2015-06-01 16:53:14', '', '', '2014-07-04 15:17:28', '', '', '1', '2014-05-23 16:12:29');
INSERT INTO `t_authority_module` VALUES ('10018', 'Instance console', '2', 'true', '10017', '1', 'R', '', 'true', 'false', 'migcommon/migJobProcess/migJobProcess_main.html', '备注...', '2015-06-01 16:53:11', '', '', '', '', '', '1', '');
INSERT INTO `t_authority_module` VALUES ('10019', 'Flow', '1', 'false', '1', '1', 'R', '', 'true', 'false', 'fold/new.html', '备注...', '2015-06-08 14:06:09', '', '', '', '', '', '1', '');
INSERT INTO `t_authority_module` VALUES ('10020', 'Config', '1', 'false', '1', '3', 'R', '', 'true', 'false', 'fold/new.html', '备注...', '2015-06-08 14:06:09', '', '', '', '', '', '1', '');
INSERT INTO `t_authority_module` VALUES ('10021', 'Job Creation', '2', 'true', '10019', '1', 'R', '', 'true', 'false', 'job/job_new.html', '备注...', '2015-06-01 16:53:33', '', '', '', '', '', '1', '');
INSERT INTO `t_authority_module` VALUES ('10017', 'Monitor', '1', 'false', '1', '2', 'R', '', 'true', 'false', 'fold/new.html', '备注...', '2015-06-08 14:06:09', '', '', '', '', '', '1', '');
INSERT INTO `t_authority_module` VALUES ('10026', 'Log', '1', 'false', '1', '4', 'R', '', 'true', 'false', 'fold/new.html', '备注...', '2015-06-08 14:06:09', '', '', '', '', '', '1', '');
INSERT INTO `t_authority_module` VALUES ('10061', '合法性稽核项集合明细', '2', 'true', '10043', '3', 'R', '', 'true', 'false', 'migcommon/migAuditvConfigcolldetail/migAuditvConfigcolldetail_main.html', '备注...', '2015-05-07 20:42:20', '', '', '', '', '', '1', '');
INSERT INTO `t_authority_module` VALUES ('10060', '合法性稽核项集合', '2', 'true', '10043', '2', 'R', '', 'true', 'false', 'migcommon/migAuditvConfigcollmain/migAuditvConfigcollmain_main.html', '备注...', '2015-05-07 20:42:20', '', '', '', '', '', '1', '');
INSERT INTO `t_authority_module` VALUES ('10059', 'Password maintenance', '2', 'true', '99', '5', 'R', '', 'true', 'false', 'common/tAuthorityUser/tAuthorityUser_PasswordModify.html', '备注...', '2015-06-17 09:46:21', '', '', '', '', '', '1', '');
INSERT INTO `t_authority_module` VALUES ('10031', 'Job creation2nd', '2', 'true', '10019', '2', 'R', '', 'true', 'false', 'migcommon/migJobInfo/migJobInfo_add.html', '备注...', '2015-06-01 16:54:25', '', '', '', '', '', '1', '');
INSERT INTO `t_authority_module` VALUES ('10036', 'Job definition management', '2', 'true', '10019', '3', 'R', '', 'true', 'false', 'migcommon/migJobInfo/migJobInfo_main.html', '备注...', '2015-06-01 16:54:28', '', '', '', '', '', '1', '');
INSERT INTO `t_authority_module` VALUES ('10035', 'Log query', '2', 'true', '10026', '1', 'R', '', 'true', 'false', 'migcommon/migJobLog/migJobLog_main.html', '备注...', '2015-06-01 16:54:33', '', '', '', '', '', '1', '');
INSERT INTO `t_authority_module` VALUES ('10037', 'Job instance management', '1', 'true', '10017', '2', 'R', '', 'true', 'false', 'migcommon/migJobProcess/migJobProcess_main.html', '备注...', '2015-06-01 16:54:39', '', '', '', '', '', '1', '');
INSERT INTO `t_authority_module` VALUES ('10040', 'Job instantiation', '2', 'true', '10019', '4', 'R', '', 'true', 'false', 'migcommon/migJobInfo/migJobInfo_main2.html', '备注...', '2015-06-01 16:54:43', '', '', '', '', '', '1', '');
INSERT INTO `t_authority_module` VALUES ('10041', 'Quality audit', '1', 'false', '1', '7', 'R', '', 'true', 'false', 'test/new.html', '字段级稽核（Field）', '2015-06-08 14:15:03', '', '', '', '', '', '1', '');
INSERT INTO `t_authority_module` VALUES ('10042', 'Quantity audit', '1', 'false', '1', '6', 'R', '', 'true', 'false', 'test/new.html', '一致性稽核(consistency)', '2015-06-08 14:15:09', '', '', '', '', '', '1', '');
INSERT INTO `t_authority_module` VALUES ('10043', 'Legality audit', '1', 'false', '1', '5', 'R', '', 'true', 'false', 'test/new.html', '合法性稽核', '2015-06-08 14:15:23', '', '', '', '', '', '1', '');
INSERT INTO `t_authority_module` VALUES ('10044', '(FA)Item configuration', '2', 'true', '10041', '1', 'R', '', 'true', 'false', 'migcommon/migAuditfMain/migAuditfMain_main.html', '备注...', '2015-06-08 14:13:22', '', '', '', '', '', '1', '');
INSERT INTO `t_authority_module` VALUES ('10045', '(FA)Item sub-configuration', '2', 'true', '10041', '2', 'R', '', 'true', 'false', 'migcommon/migAuditfSub/migAuditfSub_main.html', '备注...', '2015-06-08 14:13:29', '', '', '', '', '', '1', '');
INSERT INTO `t_authority_module` VALUES ('10046', 'Dryrun configuration', '2', 'true', '10020', '1', 'R', '', 'true', 'false', 'migcommon/migAuditfDryrunConfig/migAuditfDryrunConfig_main.html', '备注...', '2015-06-01 16:55:44', '', '', '', '', '', '1', '');
INSERT INTO `t_authority_module` VALUES ('10047', '(FA)Execution', '2', 'true', '10041', '3', 'R', '', 'true', 'false', 'migcommon/migAuditfDryrun/migJobProcess_main.html', '备注...', '2015-06-10 10:05:49', '', '', '', '', '', '1', '');
INSERT INTO `t_authority_module` VALUES ('10048', '(FA)Content report', '2', 'true', '10041', '4', 'R', '', 'true', 'false', 'migcommon/migAuditfMainResult/migAuditfMainResult_main.html', '备注...', '2015-06-08 14:13:38', '', '', '', '', '', '1', '');
INSERT INTO `t_authority_module` VALUES ('10049', '(FA)Content difference in detail', '2', 'true', '10041', '5', 'R', '', 'true', 'false', 'migcommon/migAuditfDetailResult/migAuditfDetailResult_main.html', '备注...', '2015-06-08 14:13:43', '', '', '', '', '', '1', '');
INSERT INTO `t_authority_module` VALUES ('10050', '(CA)Item configration', '2', 'true', '10042', '1', 'R', '', 'true', 'false', 'migcommon/migAuditcConsistency/migAuditcConsistency_main.html', '备注...', '2015-06-08 14:12:48', '', '', '', '', '', '1', '');
INSERT INTO `t_authority_module` VALUES ('10051', '(CA)Variance analysis', '2', 'true', '10042', '2', 'R', '', 'true', 'false', 'migcommon/migAuditcReportDetailResult/migAuditcReportDetailResult_main.html', '备注...', '2015-06-08 14:12:54', '', '', '', '', '', '1', '');
INSERT INTO `t_authority_module` VALUES ('10052', '(CA)Execution', '2', 'true', '10042', '3', 'R', '', 'true', 'false', 'migcommon/migAuditcDryrun/migJobProcess_main.html', '备注...', '2015-06-08 14:12:59', '', '', '', '', '', '1', '');
INSERT INTO `t_authority_module` VALUES ('10053', '(CA)Result report', '2', 'true', '10042', '4', 'R', '', 'true', 'false', 'migcommon/migAuditcReportDetailResult/migAuditcReportDetailResult.html', '备注...', '2015-06-08 14:13:04', '', '', '', '', '', '1', '');
INSERT INTO `t_authority_module` VALUES ('10054', '(CA)Difference report', '2', 'true', '10042', '5', 'R', '', 'true', 'false', 'migcommon/migAuditcReportDetailResult/migAuditcReportDetailResult_diff.html', '备注...', '2015-06-08 14:13:10', '', '', '', '', '', '1', '');
INSERT INTO `t_authority_module` VALUES ('10055', '(LA)Item configuration', '2', 'true', '10043', '1', 'R', '', 'true', 'false', 'migcommon/migAuditvConfig/migAuditvConfig_main.html', '备注...', '2015-06-08 14:12:07', '', '', '', '', '', '1', '');
INSERT INTO `t_authority_module` VALUES ('10056', '(LA)Enter error reason', '2', 'true', '10043', '4', 'R', '', 'true', 'false', 'migcommon/migAuditvResult/migAuditvResult_main.html', '备注...', '2015-06-08 14:12:13', '', '', '', '', '', '1', '');
INSERT INTO `t_authority_module` VALUES ('10057', '(LA)Execution', '2', 'true', '10043', '5', 'R', '', 'true', 'false', 'migcommon/migAuditvDryrun/migJobProcess_main.html', '备注...', '2015-06-08 14:12:18', '', '', '', '', '', '1', '');
INSERT INTO `t_authority_module` VALUES ('10058', '(LA)Report', '2', 'true', '10043', '6', 'R', '', 'true', 'false', 'migcommon/migAuditvResult/migAuditvResult.html', '备注...', '2015-06-08 14:12:23', '', '', '', '', '', '1', '');
INSERT INTO `t_authority_module` VALUES ('10062', 'Busi-Param Config(Common)', '2', 'true', '10020', '4', 'R', '', 'true', 'false', 'migcommon/migTaskConfig/migTaskConfig_main.html', '备注...', '2015-06-15 14:50:16', '', '', '', '', '', '1', '');
INSERT INTO `t_authority_module` VALUES ('10067', 'OutDataFile Busi-Param Config', '2', 'true', '10020', '7', 'R', '', 'true', 'false', 'migcommon/migTaskConfig_OutDataFile/migTaskConfig_main.html', '备注...', '2015-06-11 11:22:13', '', '', '', '', '', '1', '');
INSERT INTO `t_authority_module` VALUES ('10065', 'SplitFile Busi-Param Config', '2', 'true', '10020', '5', 'R', '', 'true', 'false', 'migcommon/migTaskConfig_SplitFile/migTaskConfig_main.html', '备注...', '2015-06-11 11:22:04', '', '', '', '', '', '1', '');
INSERT INTO `t_authority_module` VALUES ('10066', 'LoadData Busi-Param Config', '2', 'true', '10020', '6', 'R', '', 'true', 'false', 'migcommon/migTaskConfig_LoadData/migTaskConfig_main.html', '备注...', '2015-06-11 11:22:07', '', '', '', '', '', '1', '');
INSERT INTO `t_authority_module` VALUES ('10063', 'Enum Mapping', '2', 'true', '10020', '2', 'R', '', 'true', 'false', 'migcommon/migAuditcEnumMapping/migAuditcEnumMapping_main.html', '备注...', '2015-06-15 14:50:16', '', '', '', '', '', '1', '');
INSERT INTO `t_authority_module` VALUES ('10064', 'DB Connection', '2', 'true', '10020', '3', 'R', '', 'true', 'false', 'migcommon/migConfigConnection/migConfigConnection_main.html', '备注...', '2015-06-15 14:50:16', '', '', '', '', '', '1', '');
INSERT INTO `t_authority_module` VALUES ('10068', 'OutDataBase Busi-Param Config', '2', 'true', '10020', '8', 'R', '', 'true', 'false', 'migcommon/migTaskConfig_OutDataBase/migTaskConfig_main.html', '备注...', '2015-06-11 11:22:09', '', '', '', '', '', '1', '');
INSERT INTO `t_authority_module` VALUES ('10069', 'File Manager', '2', 'true', '99', '6', 'R', '', 'true', 'false', 'ckfinder/standalone.html', '备注...', '2015-06-17 09:47:02', '', '', '', '', '', '1', '');
INSERT INTO `t_authority_module` VALUES ('10070', 'File Browser', '2', 'true', '99', '7', 'R', '', 'true', 'false', 'http://10.1.249.109:8080/fileBaseDir/', '备注...', '2015-06-17 10:09:30', '', '', '', '', '', '1', '');
INSERT INTO `t_authority_module` VALUES ('10071', 'Backup file Browser', '2', 'true', '99', '8', 'R', '', 'true', 'false', 'http://10.1.249.109:8080/backupDir/', '备注...', '2015-06-17 10:09:33', '', '', '', '', '', '1', '');

INSERT INTO `t_authority_rmrelation` VALUES ('2', '10021', '2015-05-06 17:54:35', '', '');
INSERT INTO `t_authority_rmrelation` VALUES ('2', '10031', '2015-05-06 17:54:37', '', '');
INSERT INTO `t_authority_rmrelation` VALUES ('2', '10036', '2015-05-06 17:54:39', '', '');
INSERT INTO `t_authority_rmrelation` VALUES ('2', '10040', '2015-05-06 17:54:40', '', '');
INSERT INTO `t_authority_rmrelation` VALUES ('2', '10018', '2015-05-06 17:54:41', '', '');
INSERT INTO `t_authority_rmrelation` VALUES ('2', '10046', '2015-05-06 17:54:42', '', '');
INSERT INTO `t_authority_rmrelation` VALUES ('2', '10035', '2015-05-06 17:54:43', '', '');
INSERT INTO `t_authority_rmrelation` VALUES ('2', '10054', '2015-05-06 17:54:45', '', '');
INSERT INTO `t_authority_rmrelation` VALUES ('2', '10055', '2015-05-06 17:54:45', '', '');
INSERT INTO `t_authority_rmrelation` VALUES ('2', '10056', '2015-05-06 17:54:46', '', '');
INSERT INTO `t_authority_rmrelation` VALUES ('2', '10057', '2015-05-06 17:54:46', '', '');
INSERT INTO `t_authority_rmrelation` VALUES ('2', '10053', '2015-05-06 17:54:54', '', '');
INSERT INTO `t_authority_rmrelation` VALUES ('2', '10052', '2015-05-06 17:54:55', '', '');
INSERT INTO `t_authority_rmrelation` VALUES ('2', '10051', '2015-05-06 17:54:56', '', '');
INSERT INTO `t_authority_rmrelation` VALUES ('2', '10050', '2015-05-06 17:54:56', '', '');
INSERT INTO `t_authority_rmrelation` VALUES ('2', '10049', '2015-05-06 17:54:57', '', '');
INSERT INTO `t_authority_rmrelation` VALUES ('2', '10048', '2015-05-06 17:54:57', '', '');
INSERT INTO `t_authority_rmrelation` VALUES ('2', '10047', '2015-05-06 17:54:57', '', '');
INSERT INTO `t_authority_rmrelation` VALUES ('2', '10045', '2015-05-06 17:54:58', '', '');
INSERT INTO `t_authority_rmrelation` VALUES ('2', '10044', '2015-05-06 17:54:58', '', '');
INSERT INTO `t_authority_rmrelation` VALUES ('2', '10058', '2015-05-06 17:55:05', '', '');
INSERT INTO `t_authority_rmrelation` VALUES ('1', '10050', '2015-05-06 19:04:37', '', '');
INSERT INTO `t_authority_rmrelation` VALUES ('1', '10051', '2015-05-06 19:04:37', '', '');
INSERT INTO `t_authority_rmrelation` VALUES ('1', '10052', '2015-05-06 19:04:39', '', '');
INSERT INTO `t_authority_rmrelation` VALUES ('1', '10053', '2015-05-06 19:04:39', '', '');
INSERT INTO `t_authority_rmrelation` VALUES ('1', '10054', '2015-05-06 19:04:40', '', '');
INSERT INTO `t_authority_rmrelation` VALUES ('1', '10055', '2015-05-06 19:04:40', '', '');
INSERT INTO `t_authority_rmrelation` VALUES ('1', '10056', '2015-05-06 19:04:41', '', '');
INSERT INTO `t_authority_rmrelation` VALUES ('1', '10057', '2015-05-06 19:04:42', '', '');
INSERT INTO `t_authority_rmrelation` VALUES ('1', '10058', '2015-05-06 19:04:42', '', '');
INSERT INTO `t_authority_rmrelation` VALUES ('1', '10049', '2015-05-06 19:04:44', '', '');
INSERT INTO `t_authority_rmrelation` VALUES ('1', '10048', '2015-05-06 19:04:44', '', '');
INSERT INTO `t_authority_rmrelation` VALUES ('1', '10047', '2015-05-06 19:04:45', '', '');
INSERT INTO `t_authority_rmrelation` VALUES ('1', '10045', '2015-05-06 19:04:45', '', '');
INSERT INTO `t_authority_rmrelation` VALUES ('1', '10044', '2015-05-06 19:04:45', '', '');
INSERT INTO `t_authority_rmrelation` VALUES ('1', '10035', '2015-05-06 19:04:46', '', '');
INSERT INTO `t_authority_rmrelation` VALUES ('1', '10046', '2015-05-06 19:04:47', '', '');
INSERT INTO `t_authority_rmrelation` VALUES ('1', '10018', '2015-05-06 19:04:49', '', '');
INSERT INTO `t_authority_rmrelation` VALUES ('1', '10040', '2015-05-06 19:04:49', '', '');
INSERT INTO `t_authority_rmrelation` VALUES ('1', '10036', '2015-05-06 19:04:50', '', '');
INSERT INTO `t_authority_rmrelation` VALUES ('1', '10021', '2015-05-06 19:04:52', '', '');
INSERT INTO `t_authority_rmrelation` VALUES ('1', '9905', '2015-05-06 19:05:22', '', '');
INSERT INTO `t_authority_rmrelation` VALUES ('1', '9907', '2015-05-06 19:05:23', '', '');
INSERT INTO `t_authority_rmrelation` VALUES ('99', '9903', '2015-05-06 19:05:28', '', '');
INSERT INTO `t_authority_rmrelation` VALUES ('99', '9902', '2015-05-06 19:05:29', '', '');
INSERT INTO `t_authority_rmrelation` VALUES ('99', '9907', '2015-05-06 19:05:29', '', '');
INSERT INTO `t_authority_rmrelation` VALUES ('99', '9905', '2015-05-06 19:05:30', '', '');
INSERT INTO `t_authority_rmrelation` VALUES ('1', '10059', '2015-05-06 19:21:44', '', '');
INSERT INTO `t_authority_rmrelation` VALUES ('99', '10059', '2015-05-06 19:21:47', '', '');
INSERT INTO `t_authority_rmrelation` VALUES ('1', '10062', '2015-05-13 18:04:09', '', '');
INSERT INTO `t_authority_rmrelation` VALUES ('1', '10063', '2015-05-29 19:56:32', '', '');
INSERT INTO `t_authority_rmrelation` VALUES ('1', '10064', '2015-05-29 19:56:33', '', '');
INSERT INTO `t_authority_rmrelation` VALUES ('1', '10065', '2015-06-11 11:22:41', '', '');
INSERT INTO `t_authority_rmrelation` VALUES ('1', '10066', '2015-06-11 11:22:42', '', '');
INSERT INTO `t_authority_rmrelation` VALUES ('1', '10067', '2015-06-11 11:22:43', '', '');
INSERT INTO `t_authority_rmrelation` VALUES ('1', '10068', '2015-06-11 11:22:46', '', '');
INSERT INTO `t_authority_rmrelation` VALUES ('1', '10069', '2015-06-17 10:06:33', '', '');
INSERT INTO `t_authority_rmrelation` VALUES ('1', '10070', '2015-06-17 10:06:34', '', '');
INSERT INTO `t_authority_rmrelation` VALUES ('1', '10071', '2015-06-17 10:06:34', '', '');
INSERT INTO `t_authority_rmrelation` VALUES ('99', '10069', '2015-06-17 10:06:41', '', '');
INSERT INTO `t_authority_rmrelation` VALUES ('99', '10070', '2015-06-17 10:06:41', '', '');
INSERT INTO `t_authority_rmrelation` VALUES ('99', '10071', '2015-06-17 10:06:42', '', '');

INSERT INTO `t_authority_role` VALUES ('1', '001', 'migrator', '1', '做数据迁移', '2015-06-17 10:33:06', '', '', '1', '2014-07-02 17:05:56');
INSERT INTO `t_authority_role` VALUES ('99', '099', 'admin', '1', '有超级用户权限', '2015-06-17 10:33:13', '2009/9/7', '2009/9/7', '1', '2014-05-20 09:46:32');

INSERT INTO `t_authority_urrelation` VALUES ('9908', '1', '2015-05-06 19:09:24', '', '');
INSERT INTO `t_authority_urrelation` VALUES ('9906', '1', '2015-05-06 19:09:26', '', '');
INSERT INTO `t_authority_urrelation` VALUES ('9905', '1', '2015-05-06 19:09:29', '', '');
INSERT INTO `t_authority_urrelation` VALUES ('9902', '1', '2015-05-06 19:09:33', '', '');
INSERT INTO `t_authority_urrelation` VALUES ('9907', '1', '2015-05-06 19:09:39', '', '');
INSERT INTO `t_authority_urrelation` VALUES ('9901', '99', '2015-05-06 19:09:45', '', '');
INSERT INTO `t_authority_urrelation` VALUES ('9903', '1', '2015-05-06 19:09:48', '', '');
INSERT INTO `t_authority_urrelation` VALUES ('9904', '1', '2015-05-06 19:09:50', '', '');
INSERT INTO `t_authority_urrelation` VALUES ('9909', '1', '2015-05-08 09:53:48', '', '');

INSERT INTO `t_authority_user` VALUES ('9801', 'dev', '戴忠德(dev)', 'C984AED014AEC7623A54F0591DA07A85FD4B762D', '男', '13723868201', '0731-88998735', '0731-88998932', 'dzd2746679@163.com', '413881461', '湖南长沙岳麓区玉兰路2号', '系统开发人员336', '1', '', '2014-05-28 10:19:02', '', '', '2014-07-07 16:28:07', '', '', '1', '2014-05-28 10:19:02', '0', '', '', '');
INSERT INTO `t_authority_user` VALUES ('9901', 'admin', '系统管理员', 'C984AED014AEC7623A54F0591DA07A85FD4B762D', '男', '1', '2', '3', '4', '5', '6', '7', '1', '', '2014-05-21 11:41:48', '', '', '2014-07-08 16:37:49', '', '', '1', '2014-05-21 11:41:48', '0', '', '', '');
INSERT INTO `t_authority_user` VALUES ('9902', 'daizd', '戴忠德', 'C984AED014AEC7623A54F0591DA07A85FD4B762D', '男', '', '', '', '', '', '', '', '1', '', '2015-04-08 15:12:10', '', '', '', '', '', '1', '', '0', '', '', '');
INSERT INTO `t_authority_user` VALUES ('9903', 'jiangsh', '蒋绍浩', 'C984AED014AEC7623A54F0591DA07A85FD4B762D', '男', '', '', '', '', '', '', '', '1', '', '2015-04-08 15:12:35', '', '', '', '', '', '1', '', '0', '', '', '');
INSERT INTO `t_authority_user` VALUES ('9904', 'zhaowf', '赵文丰', 'C984AED014AEC7623A54F0591DA07A85FD4B762D', '男', '', '', '', '', '', '', '', '1', '', '2015-04-08 15:13:04', '', '', '', '', '', '1', '', '0', '', '', '');
INSERT INTO `t_authority_user` VALUES ('9905', 'pengsheng', '彭胜', 'C984AED014AEC7623A54F0591DA07A85FD4B762D', '男', '137', '', '', '', '', '', '', '1', '', '2015-04-08 15:28:29', '', '', '', '', '', '1', '', '0', '', '', '');
INSERT INTO `t_authority_user` VALUES ('9906', 'zhourong', '周蓉', 'C984AED014AEC7623A54F0591DA07A85FD4B762D', '女', '', '', '', '', '', '', '', '1', '', '2015-04-08 15:29:07', '', '', '', '', '', '1', '', '0', '', '', '');
INSERT INTO `t_authority_user` VALUES ('9907', 'liff', '李飞飞', 'C984AED014AEC7623A54F0591DA07A85FD4B762D', '男', '', '', '', '', '', '', '', '1', '', '2015-04-09 09:23:46', '', '', '', '', '', '1', '', '0', '', '', '');
INSERT INTO `t_authority_user` VALUES ('9908', 'liuj', '刘俊', 'C984AED014AEC7623A54F0591DA07A85FD4B762D', '男', '', '', '', '', '', '', '', '1', '', '2015-04-09 16:57:38', '', '', '', '', '', '1', '', '0', '', '', '');
INSERT INTO `t_authority_user` VALUES ('9909', 'yanjr', '闫俊荣', 'C984AED014AEC7623A54F0591DA07A85FD4B762D', '男', '', '', '', '', '', '', '', '1', '', '2015-05-08 09:53:43', '', '', '', '', '', '1', '', '0', '', '', '');

INSERT INTO `t_pub_dictionary` VALUES ('11010', 'task_type', '任务类型', 'cbb', '', '1');
INSERT INTO `t_pub_dictionary` VALUES ('11011', 'S', 'leaf', 'task_type', '11010', '1');
INSERT INTO `t_pub_dictionary` VALUES ('11012', 'F', 'no leaf', 'task_type', '11010', '1');
INSERT INTO `t_pub_dictionary` VALUES ('11020', 'job_status', '作业状态', 'cbb', '', '1');
INSERT INTO `t_pub_dictionary` VALUES ('11021', '0', 'initial', 'job_status', '11020', '1');
INSERT INTO `t_pub_dictionary` VALUES ('11022', '1', 'executing', 'job_status', '11020', '1');
INSERT INTO `t_pub_dictionary` VALUES ('11023', '2', 'finish', 'job_status', '11020', '1');
INSERT INTO `t_pub_dictionary` VALUES ('11024', '3', 'pause', 'job_status', '11020', '1');
INSERT INTO `t_pub_dictionary` VALUES ('11025', '5', 'pausing', 'job_status', '11020', '1');
INSERT INTO `t_pub_dictionary` VALUES ('11026', '-1', 'error', 'job_status', '11020', '1');
INSERT INTO `t_pub_dictionary` VALUES ('11030', 'audit_type', '稽核类型', 'cbb', '', '1');
INSERT INTO `t_pub_dictionary` VALUES ('11031', '0', 'quantity audit', 'audit_type', '11030', '1');
INSERT INTO `t_pub_dictionary` VALUES ('11032', '1', 'quality audit', 'audit_type', '11030', '1');
INSERT INTO `t_pub_dictionary` VALUES ('11033', '2', 'legality audit', 'audit_type', '11030', '1');
INSERT INTO `t_pub_dictionary` VALUES ('11040', 'audit_status', '稽核状态', 'cbb', '', '1');
INSERT INTO `t_pub_dictionary` VALUES ('11041', '0', 'configuring', 'audit_status', '11040', '1');
INSERT INTO `t_pub_dictionary` VALUES ('11042', '1', 'ready to process', 'audit_status', '11040', '1');
INSERT INTO `t_pub_dictionary` VALUES ('11043', '2', 'processing', 'audit_status', '11040', '1');
INSERT INTO `t_pub_dictionary` VALUES ('11044', '3', 'faultily finished', 'audit_status', '11040', '1');
INSERT INTO `t_pub_dictionary` VALUES ('11045', '4', 'faultlessly finished', 'audit_status', '11040', '1');
INSERT INTO `t_pub_dictionary` VALUES ('11050', 'job_type', '', '', '', '1');
INSERT INTO `t_pub_dictionary` VALUES ('11051', '1', 'general types', 'job_type', '11050', '1');
INSERT INTO `t_pub_dictionary` VALUES ('11052', '2', 'quality audit', 'job_type', '11050', '1');
INSERT INTO `t_pub_dictionary` VALUES ('11053', '3', 'quantity audit', 'job_type', '11050', '1');
INSERT INTO `t_pub_dictionary` VALUES ('11054', '4', 'legality_audit', 'job_type', '11050', '1');
INSERT INTO `t_pub_dictionary` VALUES ('11055', '5', 'sub job types', 'job_type', '11050', '1');
INSERT INTO `t_pub_dictionary` VALUES ('11060', 'config_type', '业务参数配置类型', 'cbb', '', '1');
INSERT INTO `t_pub_dictionary` VALUES ('11061', '1', 'split_file', 'config_type', '11060', '1');
INSERT INTO `t_pub_dictionary` VALUES ('11062', '2', 'load_data', 'config_type', '11060', '1');
INSERT INTO `t_pub_dictionary` VALUES ('11063', '3', 'out_data_file', 'config_type', '11060', '1');
INSERT INTO `t_pub_dictionary` VALUES ('11064', '4', 'out_data_base', 'config_type', '11060', '1');
INSERT INTO `t_pub_dictionary` VALUES ('11065', '5', 'excute_sql', 'config_type', '11060', '1');
INSERT INTO `t_pub_dictionary` VALUES ('11066', '6', 'excute_bin', 'config_type', '11060', '1');
INSERT INTO `t_pub_dictionary` VALUES ('11067', '7', 'legality_audit', 'config_type', '11060', '1');
INSERT INTO `t_pub_dictionary` VALUES ('11068', '8', 'control', 'config_type', '11060', '1');
INSERT INTO `t_pub_dictionary` VALUES ('11069', '9', 'consistency_audit', 'config_type', '11060', '1');
INSERT INTO `t_pub_dictionary` VALUES ('11070', '10', 'quality_audit', 'config_type', '11060', '1');
INSERT INTO `t_pub_dictionary` VALUES ('11080', 'record_status', '记录状态', 'cbb', '', '1');
INSERT INTO `t_pub_dictionary` VALUES ('11081', '1', 'valid', 'record_status', '11080', '1');
INSERT INTO `t_pub_dictionary` VALUES ('11082', '0', 'invalid', 'record_status', '11080', '1');

INSERT INTO `t_pub_seqtable` VALUES ('mig_com_info', '1', '2015-06-18', 'CF');
INSERT INTO `t_pub_seqtable` VALUES ('mig_com_info2', '1', '2015-06-18', 'CO');
INSERT INTO `t_pub_seqtable` VALUES ('mig_com_ins', '1', '2015-06-18', 'CS');
INSERT INTO `t_pub_seqtable` VALUES ('mig_control_info', '1', '2015-06-18', '');
INSERT INTO `t_pub_seqtable` VALUES ('mig_control_template', '1', '2015-06-18', '');
INSERT INTO `t_pub_seqtable` VALUES ('mig_job_content', '1', '2015-06-18', '');
INSERT INTO `t_pub_seqtable` VALUES ('mig_job_info', '1', '2015-06-18', 'JB');
INSERT INTO `t_pub_seqtable` VALUES ('mig_job_info2', '1', '2015-06-18', 'JO');
INSERT INTO `t_pub_seqtable` VALUES ('mig_job_ins', '1', '2015-06-18', 'IS');
INSERT INTO `t_pub_seqtable` VALUES ('mig_job_log', '1', '2015-06-18', 'LG');
INSERT INTO `t_pub_seqtable` VALUES ('mig_job_para', '1', '2015-06-18', '');
INSERT INTO `t_pub_seqtable` VALUES ('mig_job_process', '1', '2015-06-18', 'PP');
INSERT INTO `t_pub_seqtable` VALUES ('mig_job_stat', '1', '2015-06-18', '');
INSERT INTO `t_pub_seqtable` VALUES ('mig_load_map', '1', '2015-06-18', '');
INSERT INTO `t_pub_seqtable` VALUES ('mig_staticprar_define', '1', '2015-06-18', '');
INSERT INTO `t_pub_seqtable` VALUES ('mig_task_info', '1', '2015-06-18', 'TK');
INSERT INTO `t_pub_seqtable` VALUES ('mig_task_info2', '1', '2015-06-18', 'TA');
INSERT INTO `t_pub_seqtable` VALUES ('mig_task_rel', '1', '2015-06-18', '');